Epoch,Training Loss,Validation Loss
1,0.01962859515900581,0.017642095798999072
2,0.017663726441409497,0.0175175862737
3,0.017425935476161523,0.017446189051121472
4,0.017301752577397796,0.01744112535268068
5,0.017229242897506318,0.017483071259409188
6,0.01718280413550514,0.01747401874884963
7,0.017121881881786025,0.0175308551967144
8,0.01709597078206835,0.017574053218215705
9,0.01706635385995557,0.01756044031754136
10,0.017042534013816724,0.01783108864426613
