Epoch,Training Loss,Validation Loss
1,0.027365367096906585,0.0208229328544376
2,0.02155244176681806,0.019986224464905528
3,0.020891145198240695,0.019773054228256495
4,0.020509822104633885,0.019737671197841342
5,0.02024634207359927,0.019779233000101374
6,0.02000433115273123,0.01979245911664761
7,0.01982750123699201,0.019776052441269443
8,0.01967990779158822,0.01986139926749963
9,0.019536279880764083,0.019919400308697748
10,0.019438207341371173,0.019922206913248988
